"0","suppressPackageStartupMessages(library(tidyverse))"
"0","suppressPackageStartupMessages(library(lubridate))"
"0","suppressPackageStartupMessages(library(reshape2))"
"0","suppressPackageStartupMessages(library(wordcloud))"
"0","suppressPackageStartupMessages(library(tm))"
"0","rewrite = FALSE"
"0","# suppressPackageStartupMessages(library(aws.s3))"
"0","# suppressPackageStartupMessages(library(data.table))"
"0","# suppressPackageStartupMessages(library(tableone))"
"0","# suppressPackageStartupMessages(library(janitor))"
"0","# suppressPackageStartupMessages(library(kableExtra))"
"0","# suppressPackageStartupMessages(library(knitr))"
"0","# suppressPackageStartupMessages(library(DT))"
"0","# suppressPackageStartupMessages(library(lazyeval))"
"0","# suppressPackageStartupMessages(library(lubridate))"
